	summarized	lineages	abundances	resid	coverage
SRR29324548.variants.tsv	[('Other', np.float64(0.9999999964617091))]	H5Nx-A.1.3 H5Nx-A.1 H5Nx-A.1.4 H5Nx-2.3.4.4b	0.66782000 0.32086999 0.00699301 0.00431700	17.66883882212855	94.26136363636364
SRR29324551.variants.tsv	[('Other', np.float64(0.9999999997583808))]	H5Nx-A.1 H5Nx-A H5Nx-A.1.3	0.96744494 0.02857100 0.00398406	15.081140610197192	87.04545454545455
SRR29324549.variants.tsv	[('Other', np.float64(0.9999999942132466))]	H5Nx-A.1 H5Nx-A.1.3 H5Nx-2.3.4.4b	0.99407185 0.00302115 0.00290700	18.50205516980523	93.52272727272727
SRR29324550.variants.tsv	[('Other', np.float64(0.9999999994774046))]	H5Nx-A.1 H5Nx-A.1.3	0.98648650 0.01351350	13.942400704472897	61.93181818181818
